<?xml version="1.0" encoding="utf-8"?>


<feed xmlns="http://www.w3.org/2005/Atom" xml:lang="zh-CN">
    <title type="text">Calture</title>
    <subtitle type="html">MemE 是一个强大且可高度定制的 GoHugo 博客主题，专为个人博客设计。</subtitle>
    <updated>2025-04-10T11:31:39&#43;08:00</updated>
    <id>http://localhost:1313/</id>
    <link rel="alternate" type="text/html" href="http://localhost:1313/" />
    <link rel="self" type="application/atom&#43;xml" href="http://localhost:1313/atom.xml" />
    <author>
            <name>reuixiy</name>
            <uri>http://localhost:1313/</uri>
            
                <email>reuixiy@gmail.com</email>
            </author>
    <rights>[CC BY-NC-SA 4.0](https://creativecommons.org/licenses/by-nc-sa/4.0/deed.zh)</rights>
    <generator uri="https://gohugo.io/" version="0.145.0">Hugo</generator>
        <entry>
            <title type="text">西子湖畔杨公堤</title>
            <link rel="alternate" type="text/html" href="http://localhost:1313/archives/yang-gong-causeway/" />
            <id>http://localhost:1313/archives/yang-gong-causeway/</id>
            <updated>2020-08-11T18:19:22&#43;08:00</updated>
            <published>2020-08-05T18:19:22&#43;08:00</published>
            <author>
                    <name>reuixiy</name>
                    <uri>https://io-oi.me/</uri>
                    <email>reuixiy@gmail.com</email>
                    </author>
            <rights>[CC BY-NC-SA 4.0](https://creativecommons.org/licenses/by-nc-sa/4.0/deed.zh)</rights><summary type="html">&lt;p&gt;很久没有去过西湖了，趁着大雨停歇的日子，想出去散散步。以前去西湖散步的时候，走的都是苏堤、孤山一带的路。杨公堤这一段车流量比较大，又没有什么特别的景观，算上这次，我只走过两次全程。&lt;/p&gt;</summary>
            
                <content type="html">&lt;p&gt;很久没有去过西湖了，趁着大雨停歇的日子，想出去散散步。以前去西湖散步的时候，走的都是苏堤、孤山一带的路。杨公堤这一段车流量比较大，又没有什么特别的景观，算上这次，我只走过两次全程。&lt;/p&gt;
&lt;p&gt;&lt;img src=&#34;http://localhost:1313/images/yang-gong-causeway-0.jpg&#34; alt=&#34;yang-gong-causeway-0.jpg&#34;&gt;&lt;/p&gt;
&lt;p&gt;走出校门，来到植物园的林间小路上，路边的花大多已经凋谢，行道树上的白漆早已掉落，树干上长起了浓绿的苔藓。&lt;/p&gt;
&lt;p&gt;&lt;img src=&#34;http://localhost:1313/images/yang-gong-causeway-1.jpg&#34; alt=&#34;yang-gong-causeway-1.jpg&#34;&gt;&lt;/p&gt;
&lt;p&gt;毕竟西湖六月中，风光不与四时同。杨公堤虽然未有荷花映衬，比不上断桥那般秀丽，但也有独特的韵味。雨后的杨公堤并没有一丝丝的清凉。路上的人很少，我在湖边的小路上欣赏这别致的风景。&lt;/p&gt;
&lt;p&gt;&lt;img src=&#34;http://localhost:1313/images/yang-gong-causeway-2.jpg&#34; alt=&#34;yang-gong-causeway-2.jpg&#34;&gt;&lt;/p&gt;
&lt;p&gt;上一次漫步杨公堤是在去年的三月份。那是正值初春，嫩柳成阴。绕过杨公堤，来到西湖南侧的雷峰塔上，眺望西湖区远方的高楼。在烦躁的生活中获得一份小小的宁静。&lt;/p&gt;
</content>
            
            
            
            
            
                
                    
                
                    
                        
                            
                            
                            
                                <category scheme="http://localhost:1313/tags/hangzhou/" term="hangzhou" label="hangzhou" />
                            
                        
                    
                
            
        </entry>
    
</feed>
