<?xml version="1.0" encoding="utf-8"?>






<rss xmlns:atom="http://www.w3.org/2005/Atom" version="2.0">
    <channel>
        <title>Calture</title>
        <link>http://localhost:1313/</link>
        <description>MemE 是一个强大且可高度定制的 GoHugo 博客主题，专为个人博客设计。</description>
        <generator>Hugo 0.145.0 https://gohugo.io/</generator>
        
            <language>zh-CN</language>
        
        
            <managingEditor>reuixiy@gmail.com (reuixiy)</managingEditor>
        
        
            <webMaster>reuixiy@gmail.com (reuixiy)</webMaster>
        
        
            <copyright>[CC BY-NC-SA 4.0](https://creativecommons.org/licenses/by-nc-sa/4.0/deed.zh)</copyright>
        
        <lastBuildDate>Thu, 10 Apr 2025 11:31:39 &#43;0800</lastBuildDate>
        
            <atom:link rel="self" type="application/rss&#43;xml" href="http://localhost:1313/rss.xml" />
        
        
            <item>
                <title>西子湖畔杨公堤</title>
                <link>http://localhost:1313/archives/yang-gong-causeway/</link>
                <guid isPermaLink="true">http://localhost:1313/archives/yang-gong-causeway/</guid>
                <pubDate>Wed, 05 Aug 2020 18:19:22 &#43;0800</pubDate>
                
                    <author>reuixiy@gmail.com (reuixiy)</author>
                
                <copyright>[CC BY-NC-SA 4.0](https://creativecommons.org/licenses/by-nc-sa/4.0/deed.zh)</copyright>
                <description>&lt;p&gt;很久没有去过西湖了，趁着大雨停歇的日子，想出去散散步。以前去西湖散步的时候，走的都是苏堤、孤山一带的路。杨公堤这一段车流量比较大，又没有什么特别的景观，算上这次，我只走过两次全程。&lt;/p&gt;
&lt;p&gt;&lt;img src=&#34;http://localhost:1313/images/yang-gong-causeway-0.jpg&#34; alt=&#34;yang-gong-causeway-0.jpg&#34;&gt;&lt;/p&gt;
&lt;p&gt;走出校门，来到植物园的林间小路上，路边的花大多已经凋谢，行道树上的白漆早已掉落，树干上长起了浓绿的苔藓。&lt;/p&gt;
&lt;p&gt;&lt;img src=&#34;http://localhost:1313/images/yang-gong-causeway-1.jpg&#34; alt=&#34;yang-gong-causeway-1.jpg&#34;&gt;&lt;/p&gt;
&lt;p&gt;毕竟西湖六月中，风光不与四时同。杨公堤虽然未有荷花映衬，比不上断桥那般秀丽，但也有独特的韵味。雨后的杨公堤并没有一丝丝的清凉。路上的人很少，我在湖边的小路上欣赏这别致的风景。&lt;/p&gt;
&lt;p&gt;&lt;img src=&#34;http://localhost:1313/images/yang-gong-causeway-2.jpg&#34; alt=&#34;yang-gong-causeway-2.jpg&#34;&gt;&lt;/p&gt;
&lt;p&gt;上一次漫步杨公堤是在去年的三月份。那是正值初春，嫩柳成阴。绕过杨公堤，来到西湖南侧的雷峰塔上，眺望西湖区远方的高楼。在烦躁的生活中获得一份小小的宁静。&lt;/p&gt;
</description>
                
                
                
                
                
                    
                        
                    
                        
                            
                                
                                
                                
                                    <category domain="http://localhost:1313/tags/hangzhou/">hangzhou</category>
                                
                            
                        
                    
                
            </item>
        
    </channel>
</rss>
